<?xml version="1.0" encoding="UTF-8"?>
<project-private xmlns="http://www.netbeans.org/ns/project-private/1">
    <editor-bookmarks xmlns="http://www.netbeans.org/ns/editor-bookmarks/2" lastBookmarkId="0"/>
    <open-files xmlns="http://www.netbeans.org/ns/projectui-open-files/2">
        <group>
            <file>file:/C:/Users/Heba%20Ahmed/Desktop/RiverCrossing/src/animalGUI.java</file>
            <file>file:/C:/Users/Heba%20Ahmed/Desktop/RiverCrossing/src/Rabbit.java</file>
            <file>file:/C:/Users/Heba%20Ahmed/Desktop/RiverCrossing/src/HerbivorousFactory.java</file>
            <file>file:/C:/Users/Heba%20Ahmed/Desktop/RiverCrossing/src/Boy.java</file>
            <file>file:/C:/Users/Heba%20Ahmed/Desktop/RiverCrossing/src/Man.java</file>
            <file>file:/C:/Users/Heba%20Ahmed/Desktop/RiverCrossing/src/Main.java</file>
            <file>file:/C:/Users/Heba%20Ahmed/Desktop/RiverCrossing/src/People.java</file>
            <file>file:/C:/Users/Heba%20Ahmed/Desktop/RiverCrossing/src/ICrossingStrategy.java</file>
            <file>file:/C:/Users/Heba%20Ahmed/Desktop/RiverCrossing/src/Girl.java</file>
            <file>file:/C:/Users/Heba%20Ahmed/Desktop/RiverCrossing/src/Sheep.java</file>
            <file>file:/C:/Users/Heba%20Ahmed/Desktop/RiverCrossing/src/Plant.java</file>
            <file>file:/C:/Users/Heba%20Ahmed/Desktop/RiverCrossing/src/Woman.java</file>
            <file>file:/C:/Users/Heba%20Ahmed/Desktop/RiverCrossing/src/Story1.java</file>
            <file>file:/C:/Users/Heba%20Ahmed/Desktop/RiverCrossing/src/carnivorousFactory.java</file>
            <file>file:/C:/Users/Heba%20Ahmed/Desktop/RiverCrossing/src/Herbivorous.java</file>
            <file>file:/C:/Users/Heba%20Ahmed/Desktop/RiverCrossing/src/IRiverCrossingController.java</file>
            <file>file:/C:/Users/Heba%20Ahmed/Desktop/RiverCrossing/src/ICrosser.java</file>
            <file>file:/C:/Users/Heba%20Ahmed/Desktop/RiverCrossing/src/Lion.java</file>
            <file>file:/C:/Users/Heba%20Ahmed/Desktop/RiverCrossing/src/Wolf.java</file>
            <file>file:/C:/Users/Heba%20Ahmed/Desktop/RiverCrossing/src/Carnivorous.java</file>
            <file>file:/C:/Users/Heba%20Ahmed/Desktop/RiverCrossing/src/Game.java</file>
        </group>
    </open-files>
</project-private>
